,label,accuracy,f1-score macro,precision macro,recall macro
0,AQI_1_DAY_OFFSET,0.8030370628806962,0.5948375226610637,0.585634982710925,0.7620646531914301
1,AQI_2_DAY_OFFSET,0.791160547333094,0.58218393530915,0.5783607126820249,0.7474554823454942
2,AQI_3_DAY_OFFSET,0.7877368185419786,0.5748733649528228,0.5737404196253347,0.7419814596132018
3,AQI_4_DAY_OFFSET,0.7843908432368856,0.574837488732143,0.5741075267751103,0.7375310515873621
4,AQI_5_DAY_OFFSET,0.7832890392807145,0.5741351870998044,0.5737678269729246,0.736228573650917
5,AQI_6_DAY_OFFSET,0.7841850233804364,0.5695274077556163,0.5705468307008997,0.7367048173537749
6,AQI_7_DAY_OFFSET,0.7803064089796101,0.5708280235067248,0.5718530805878687,0.7317525606988273
